{
  "canvas": {
    "width": 1024,
    "height": 1024
  },
  "chart": {
    "center": {
      "x": 509.60486446944645,
      "y": 493.1135120105657
    },
    "ring_outer": 303.952,
    "ring_inner": 229.65262222222222,
    "rotation_deg": 0
  }
}