{
  "canvas": {
    "width": 1024,
    "height": 1024
  },
  "chart": {
    "center": {
      "x": 511.5890090258587,
      "y": 491.7260253652748
    },
    "ring_outer": 309.952,
    "ring_inner": 263.4592,
    "rotation_deg": 0
  }
}