{
  "canvas": {
    "width": 1024,
    "height": 1024
  },
  "chart": {
    "center": {
      "x": 509.4713775133983,
      "y": 484.6563008280675
    },
    "ring_outer": 297.952,
    "ring_inner": 225.1192888888889,
    "rotation_deg": 0
  }
}