{
  "canvas": {
    "width": 1024,
    "height": 1024
  },
  "chart": {
    "center": {
      "x": 510.3194298083222,
      "y": 511.012926860528
    },
    "ring_outer": 287.952,
    "ring_inner": 244.7592,
    "rotation_deg": 0
  }
}