{
  "canvas": {
    "width": 1024,
    "height": 1024
  },
  "chart": {
    "center": {
      "x": 516.6367990768662,
      "y": 570.686052840705
    },
    "ring_outer": 99.952,
    "ring_inner": 75.51928888888888,
    "rotation_deg": 0
  }
}