{
  "canvas": {
    "width": 1024,
    "height": 1024
  },
  "chart": {
    "center": {
      "x": 511.2542957776605,
      "y": 485.77420489492874
    },
    "ring_outer": 255.952,
    "ring_inner": 193.38595555555554,
    "rotation_deg": 0
  }
}