{
  "canvas": {
    "width": 4500,
    "height": 4500
  },
  "chart": {
    "center": {
      "x": 2291.007433302312,
      "y": 2216.5425991966717
    },
    "ring_outer": 1195.0,
    "ring_inner": 902.8888888888889,
    "rotation_deg": 0
  }
}