{
  "canvas": {
    "width": 4500,
    "height": 4500
  },
  "chart": {
    "center": {
      "x": 2238.061531163255,
      "y": 2202.857495163197
    },
    "ring_outer": 1.0,
    "ring_inner": 0.7555555555555555,
    "rotation_deg": 0
  }
}