{
  "canvas": {
    "width": 1024,
    "height": 1024
  },
  "chart": {
    "center": {
      "x": 524.3702784891166,
      "y": 500.51712548015365
    },
    "ring_outer": 1.0,
    "ring_inner": 0.7555555555555555,
    "rotation_deg": 0
  }
}