{
  "canvas": {
    "width": 1024,
    "height": 1024
  },
  "chart": {
    "center": {
      "x": 517.432975483518,
      "y": 565.3871615899683
    },
    "ring_outer": 107.952,
    "ring_inner": 81.56373333333333,
    "rotation_deg": 0
  }
}