{
  "canvas": {
    "width": 1024,
    "height": 1024
  },
  "chart": {
    "center": {
      "x": 509.02215576745846,
      "y": 483.482047809814
    },
    "ring_outer": 101.952,
    "ring_inner": 77.0304,
    "rotation_deg": 0
  }
}