{
  "canvas": {
    "width": 1024,
    "height": 1024
  },
  "chart": {
    "center": {
      "x": 509.97637169898735,
      "y": 508.4573028584876
    },
    "ring_outer": 289.952,
    "ring_inner": 219.07484444444444,
    "rotation_deg": 0
  }
}