{
  "canvas": {
    "width": 1024,
    "height": 1024
  },
  "chart": {
    "center": {
      "x": 511.45821827578345,
      "y": 493.3349948065767
    },
    "ring_outer": 311.952,
    "ring_inner": 235.69706666666667,
    "rotation_deg": 0
  }
}