{
  "canvas": {
    "width": 1024,
    "height": 1024
  },
  "chart": {
    "center": {
      "x": 511.3587031874567,
      "y": 494.9507451165489
    },
    "ring_outer": 251.952,
    "ring_inner": 190.36373333333333,
    "rotation_deg": 0
  }
}